91	tim6@gmail.com	INV
91	tim6@gmail.com	INV
91	tim6@gmail.com	ACC
91	tim6@gmail.com	ACK
91	tim6@gmail.com	ACK
91	tim6@gmail.com	ACK
91	tim6@gmail.com	BYE
91	kely987@attackers_haven.tor	INV
91	kely987@attackers_haven.tor	INV
91	kely987@attackers_haven.tor	INV
91	kely987@attackers_haven.tor	INV
91	kely987@attackers_haven.tor	INV
91	kely987@attackers_haven.tor	INV
91	kely987@attackers_haven.tor	INV
91	kely987@attackers_haven.tor	INV
91	kely987@attackers_haven.tor	INV
91	kely987@attackers_haven.tor	INV
91	kely987@attackers_haven.tor	INV
91	kely987@attackers_haven.tor	INV
91	kely987@attackers_haven.tor	INV
91	kely987@attackers_haven.tor	INV
91	kely987@attackers_haven.tor	INV
91	kely987@attackers_haven.tor	INV
91	kely987@attackers_haven.tor	INV
91	kely987@attackers_haven.tor	INV
91	kely987@attackers_haven.tor	INV
91	kely987@attackers_haven.tor	INV
91	kely987@attackers_haven.tor	INV
91	kely987@attackers_haven.tor	INV
91	kely987@attackers_haven.tor	INV
91	kely987@attackers_haven.tor	INV
91	kely987@attackers_haven.tor	INV
91	kely987@attackers_haven.tor	INV
91	kely987@attackers_haven.tor	INV
91	kely987@attackers_haven.tor	INV
91	kely987@attackers_haven.tor	INV
91	kely987@attackers_haven.tor	INV
91	kely987@attackers_haven.tor	INV
91	kely987@attackers_haven.tor	INV
91	kely987@attackers_haven.tor	INV
91	kely987@attackers_haven.tor	INV
91	kely987@attackers_haven.tor	INV
91	kely987@attackers_haven.tor	INV
91	kely987@attackers_haven.tor	INV
91	kely987@attackers_haven.tor	INV
91	kely987@attackers_haven.tor	INV
91	kely987@attackers_haven.tor	INV
91	kely987@attackers_haven.tor	INV
91	kely987@attackers_haven.tor	INV
91	kely987@attackers_haven.tor	INV
91	kely987@attackers_haven.tor	INV
91	kely987@attackers_haven.tor	INV
91	kely987@attackers_haven.tor	INV
91	kely987@attackers_haven.tor	INV
91	kely987@attackers_haven.tor	INV
91	kely987@attackers_haven.tor	INV
91	kely987@attackers_haven.tor	INV
91	kely987@attackers_haven.tor	INV
91	kely987@attackers_haven.tor	INV
91	kely987@attackers_haven.tor	INV
91	kely987@attackers_haven.tor	INV
91	kely987@attackers_haven.tor	INV
91	kely987@attackers_haven.tor	INV
91	kely987@attackers_haven.tor	INV
91	pira0@hotmail.com	INV
91	pira0@hotmail.com	INV
91	pira0@hotmail.com	ACC
91	pira0@hotmail.com	ACC
91	pira0@hotmail.com	ACK
91	pira0@hotmail.com	BYE
91	fin@attackers_haven.tor	INV
91	fin@attackers_haven.tor	INV
91	fin@attackers_haven.tor	INV
91	fin@attackers_haven.tor	INV
91	fin@attackers_haven.tor	INV
91	fin@attackers_haven.tor	INV
91	fin@attackers_haven.tor	INV
91	fin@attackers_haven.tor	INV
91	fin@attackers_haven.tor	INV
91	fin@attackers_haven.tor	INV
91	fin@attackers_haven.tor	INV
91	fin@attackers_haven.tor	INV
91	fin@attackers_haven.tor	INV
91	fin@attackers_haven.tor	INV
91	fin@attackers_haven.tor	INV
91	fin@attackers_haven.tor	INV
91	fin@attackers_haven.tor	INV
91	fin@attackers_haven.tor	INV
91	fin@attackers_haven.tor	INV
91	fin@attackers_haven.tor	INV
91	fin@attackers_haven.tor	INV
91	fin@attackers_haven.tor	INV
91	fin@attackers_haven.tor	INV
91	fin@attackers_haven.tor	INV
91	fin@attackers_haven.tor	INV
91	fin@attackers_haven.tor	INV
91	fin@attackers_haven.tor	INV
91	fin@attackers_haven.tor	INV
91	fin@attackers_haven.tor	INV
91	fin@attackers_haven.tor	INV
91	fin@attackers_haven.tor	INV
91	fin@attackers_haven.tor	INV
91	fin@attackers_haven.tor	INV
91	fin@attackers_haven.tor	INV
91	fin@attackers_haven.tor	INV
91	fin@attackers_haven.tor	INV
91	fin@attackers_haven.tor	INV
91	fin@attackers_haven.tor	INV
91	fin@attackers_haven.tor	INV
91	fin@attackers_haven.tor	INV
91	fin@attackers_haven.tor	INV
91	fin@attackers_haven.tor	INV
91	fin@attackers_haven.tor	INV
91	fin@attackers_haven.tor	INV
91	fin@attackers_haven.tor	INV
91	fin@attackers_haven.tor	INV
91	fin@attackers_haven.tor	INV
91	fin@attackers_haven.tor	INV
91	fin@attackers_haven.tor	INV
91	fin@attackers_haven.tor	INV
91	fin@attackers_haven.tor	INV
91	fin@attackers_haven.tor	INV
91	fin@attackers_haven.tor	INV
91	yarl@hotmail.com	INV
91	yarl@hotmail.com	INV
91	bob26@attackers_haven.tor	INV
91	bob26@attackers_haven.tor	INV
91	bob26@attackers_haven.tor	INV
91	bob26@attackers_haven.tor	INV
91	bob26@attackers_haven.tor	INV
91	bob26@attackers_haven.tor	INV
91	bob26@attackers_haven.tor	INV
91	bob26@attackers_haven.tor	INV
91	bob26@attackers_haven.tor	INV
91	bob26@attackers_haven.tor	INV
91	bob26@attackers_haven.tor	INV
91	bob26@attackers_haven.tor	INV
91	bob26@attackers_haven.tor	INV
91	bob26@attackers_haven.tor	INV
91	bob26@attackers_haven.tor	INV
91	bob26@attackers_haven.tor	INV
91	bob26@attackers_haven.tor	INV
91	bob26@attackers_haven.tor	INV
91	bob26@attackers_haven.tor	INV
91	bob26@attackers_haven.tor	INV
91	bob26@attackers_haven.tor	INV
91	bob26@attackers_haven.tor	INV
91	bob26@attackers_haven.tor	INV
91	bob26@attackers_haven.tor	INV
91	bob26@attackers_haven.tor	INV
91	bob26@attackers_haven.tor	INV
91	bob26@attackers_haven.tor	INV
91	bob26@attackers_haven.tor	INV
91	bob26@attackers_haven.tor	INV
91	bob26@attackers_haven.tor	INV
91	bob26@attackers_haven.tor	INV
91	vic16@hotmail.com	INV
91	vic16@hotmail.com	INV
91	vic16@hotmail.com	ACC
91	vic16@hotmail.com	ACC
91	vic16@hotmail.com	ACK
91	vic16@hotmail.com	ACK
91	vic16@hotmail.com	BYE
91	yarl@attackers_haven.tor	INV
91	yarl@attackers_haven.tor	INV
91	yarl@attackers_haven.tor	INV
91	yarl@attackers_haven.tor	INV
91	yarl@attackers_haven.tor	INV
91	yarl@attackers_haven.tor	INV
91	yarl@attackers_haven.tor	INV
91	yarl@attackers_haven.tor	INV
91	yarl@attackers_haven.tor	INV
91	yarl@attackers_haven.tor	INV
91	yarl@attackers_haven.tor	INV
91	yarl@attackers_haven.tor	INV
91	yarl@attackers_haven.tor	INV
91	yarl@attackers_haven.tor	INV
91	yarl@attackers_haven.tor	INV
91	yarl@attackers_haven.tor	INV
91	yarl@attackers_haven.tor	INV
91	yarl@attackers_haven.tor	INV
91	yarl@attackers_haven.tor	INV
91	yarl@attackers_haven.tor	INV
91	yarl@attackers_haven.tor	INV
91	yarl@attackers_haven.tor	INV
91	yarl@attackers_haven.tor	INV
91	yarl@attackers_haven.tor	INV
91	yarl@attackers_haven.tor	INV
91	yarl@attackers_haven.tor	INV
91	yarl@attackers_haven.tor	INV
91	yarl@attackers_haven.tor	INV
91	yarl@attackers_haven.tor	INV
91	yarl@attackers_haven.tor	INV
91	yarl@attackers_haven.tor	INV
91	yarl@attackers_haven.tor	INV
91	yarl@attackers_haven.tor	INV
91	yarl@attackers_haven.tor	INV
91	yarl@attackers_haven.tor	INV
91	yarl@attackers_haven.tor	INV
91	yarl@attackers_haven.tor	INV
91	yarl@attackers_haven.tor	INV
91	yarl@attackers_haven.tor	INV
91	yarl@attackers_haven.tor	INV
91	yarl@attackers_haven.tor	INV
91	yarl@attackers_haven.tor	INV
91	yarl@attackers_haven.tor	INV
91	yarl@attackers_haven.tor	INV
91	yarl@attackers_haven.tor	INV
91	yarl@attackers_haven.tor	INV
91	yarl@attackers_haven.tor	INV
91	yarl@attackers_haven.tor	INV
91	yarl@attackers_haven.tor	INV
91	yarl@attackers_haven.tor	INV
91	yarl@attackers_haven.tor	INV
91	yarl@attackers_haven.tor	INV
91	yarl@attackers_haven.tor	INV
91	will4@hotmail.com	INV
91	will4@hotmail.com	INV
91	will4@hotmail.com	ACC
91	will4@hotmail.com	ACK
91	will4@hotmail.com	ACK
91	will4@hotmail.com	BYE
91	quest@attackers_haven.tor	INV
91	quest@attackers_haven.tor	INV
91	quest@attackers_haven.tor	INV
91	quest@attackers_haven.tor	INV
91	quest@attackers_haven.tor	INV
91	quest@attackers_haven.tor	INV
91	quest@attackers_haven.tor	INV
91	quest@attackers_haven.tor	INV
91	quest@attackers_haven.tor	INV
91	quest@attackers_haven.tor	INV
91	quest@attackers_haven.tor	INV
91	quest@attackers_haven.tor	INV
91	quest@attackers_haven.tor	INV
91	quest@attackers_haven.tor	INV
91	quest@attackers_haven.tor	INV
91	quest@attackers_haven.tor	INV
91	quest@attackers_haven.tor	INV
91	quest@attackers_haven.tor	INV
91	quest@attackers_haven.tor	INV
91	quest@attackers_haven.tor	INV
91	quest@attackers_haven.tor	INV
91	quest@attackers_haven.tor	INV
91	quest@attackers_haven.tor	INV
91	quest@attackers_haven.tor	INV
91	quest@attackers_haven.tor	INV
91	quest@attackers_haven.tor	INV
91	quest@attackers_haven.tor	INV
91	quest@attackers_haven.tor	INV
91	quest@attackers_haven.tor	INV
91	quest@attackers_haven.tor	INV
91	quest@attackers_haven.tor	INV
91	quest@attackers_haven.tor	INV
91	quest@attackers_haven.tor	INV
91	quest@attackers_haven.tor	INV
91	quest@attackers_haven.tor	INV
91	quest@attackers_haven.tor	INV
91	quest@attackers_haven.tor	INV
91	quest@attackers_haven.tor	INV
91	quest@attackers_haven.tor	INV
91	quest@attackers_haven.tor	INV
91	quest@attackers_haven.tor	INV
91	quest@attackers_haven.tor	INV
91	quest@attackers_haven.tor	INV
91	quest@attackers_haven.tor	INV
91	quest@attackers_haven.tor	INV
91	quest@attackers_haven.tor	INV
91	quest@attackers_haven.tor	INV
91	quest@attackers_haven.tor	INV
91	quest@attackers_haven.tor	INV
91	quest@attackers_haven.tor	INV
91	quest@attackers_haven.tor	INV
91	quest@attackers_haven.tor	INV
91	quest@attackers_haven.tor	INV
91	quest@attackers_haven.tor	INV
91	quest@attackers_haven.tor	INV
91	quest@attackers_haven.tor	INV
91	quest@attackers_haven.tor	INV
91	quest@attackers_haven.tor	INV
91	quest@attackers_haven.tor	INV
91	quest@attackers_haven.tor	INV
91	will@discord.com	INV
91	will@discord.com	INV
91	will@discord.com	INV
91	nora@attackers_haven.tor	INV
91	nora@attackers_haven.tor	INV
91	nora@attackers_haven.tor	INV
91	nora@attackers_haven.tor	INV
91	nora@attackers_haven.tor	INV
91	nora@attackers_haven.tor	INV
91	nora@attackers_haven.tor	INV
91	nora@attackers_haven.tor	INV
91	nora@attackers_haven.tor	INV
91	nora@attackers_haven.tor	INV
91	nora@attackers_haven.tor	INV
91	nora@attackers_haven.tor	INV
91	nora@attackers_haven.tor	INV
91	nora@attackers_haven.tor	INV
91	nora@attackers_haven.tor	INV
91	nora@attackers_haven.tor	INV
91	nora@attackers_haven.tor	INV
91	nora@attackers_haven.tor	INV
91	nora@attackers_haven.tor	INV
91	nora@attackers_haven.tor	INV
91	nora@attackers_haven.tor	INV
91	nora@attackers_haven.tor	INV
91	nora@attackers_haven.tor	INV
91	nora@attackers_haven.tor	INV
91	nora@attackers_haven.tor	INV
91	nora@attackers_haven.tor	INV
91	nora@attackers_haven.tor	INV
91	nora@attackers_haven.tor	INV
91	nora@attackers_haven.tor	INV
91	nora@attackers_haven.tor	INV
91	nora@attackers_haven.tor	INV
91	nora@attackers_haven.tor	INV
91	nora@attackers_haven.tor	INV
91	nora@attackers_haven.tor	INV
91	nora@attackers_haven.tor	INV
91	nora@attackers_haven.tor	INV
91	nora@attackers_haven.tor	INV
91	nora@attackers_haven.tor	INV
91	nora@attackers_haven.tor	INV
91	nora@attackers_haven.tor	INV
91	nora@attackers_haven.tor	INV
91	nora@attackers_haven.tor	INV
91	nora@attackers_haven.tor	INV
91	nora@attackers_haven.tor	INV
91	nora@attackers_haven.tor	INV
91	nora@attackers_haven.tor	INV
91	nora@attackers_haven.tor	INV
91	umbra18@discord.com	INV
91	umbra18@discord.com	INV
91	umbra18@discord.com	ACC
91	umbra18@discord.com	ACK
91	umbra18@discord.com	ACK
91	umbra18@discord.com	BYE
91	xeno0@attackers_haven.tor	INV
91	xeno0@attackers_haven.tor	INV
91	xeno0@attackers_haven.tor	INV
91	xeno0@attackers_haven.tor	INV
91	xeno0@attackers_haven.tor	INV
91	xeno0@attackers_haven.tor	INV
91	xeno0@attackers_haven.tor	INV
91	xeno0@attackers_haven.tor	INV
91	xeno0@attackers_haven.tor	INV
91	xeno0@attackers_haven.tor	INV
91	xeno0@attackers_haven.tor	INV
91	xeno0@attackers_haven.tor	INV
91	xeno0@attackers_haven.tor	INV
91	xeno0@attackers_haven.tor	INV
91	xeno0@attackers_haven.tor	INV
91	xeno0@attackers_haven.tor	INV
91	xeno0@attackers_haven.tor	INV
91	xeno0@attackers_haven.tor	INV
91	xeno0@attackers_haven.tor	INV
91	xeno0@attackers_haven.tor	INV
91	xeno0@attackers_haven.tor	INV
91	xeno0@attackers_haven.tor	INV
91	xeno0@attackers_haven.tor	INV
91	xeno0@attackers_haven.tor	INV
91	xeno0@attackers_haven.tor	INV
91	xeno0@attackers_haven.tor	INV
91	xeno0@attackers_haven.tor	INV
91	xeno0@attackers_haven.tor	INV
91	xeno0@attackers_haven.tor	INV
91	xeno0@attackers_haven.tor	INV
91	xeno0@attackers_haven.tor	INV
91	xeno0@attackers_haven.tor	INV
91	xeno0@attackers_haven.tor	INV
91	xeno0@attackers_haven.tor	INV
91	xeno0@attackers_haven.tor	INV
91	xeno0@attackers_haven.tor	INV
91	xeno0@attackers_haven.tor	INV
91	xeno0@attackers_haven.tor	INV
91	xeno0@attackers_haven.tor	INV
91	xeno0@attackers_haven.tor	INV
91	xeno0@attackers_haven.tor	INV
91	xeno0@attackers_haven.tor	INV
91	xeno0@attackers_haven.tor	INV
91	xeno0@attackers_haven.tor	INV
91	xeno0@attackers_haven.tor	INV
91	xeno0@attackers_haven.tor	INV
91	xeno0@attackers_haven.tor	INV
91	xeno0@attackers_haven.tor	INV
91	xeno0@attackers_haven.tor	INV
91	xeno0@attackers_haven.tor	INV
91	xeno0@attackers_haven.tor	INV
91	xeno0@attackers_haven.tor	INV
91	rose71@hotmail.com	INV
91	rose71@hotmail.com	INV
91	rose71@hotmail.com	ACC
91	rose71@hotmail.com	ACC
91	rose71@hotmail.com	ACK
91	rose71@hotmail.com	BYE
91	nora@attackers_haven.tor	INV
91	nora@attackers_haven.tor	INV
91	nora@attackers_haven.tor	INV
91	nora@attackers_haven.tor	INV
91	nora@attackers_haven.tor	INV
91	nora@attackers_haven.tor	INV
91	nora@attackers_haven.tor	INV
91	nora@attackers_haven.tor	INV
91	nora@attackers_haven.tor	INV
91	nora@attackers_haven.tor	INV
91	nora@attackers_haven.tor	INV
91	nora@attackers_haven.tor	INV
91	nora@attackers_haven.tor	INV
91	nora@attackers_haven.tor	INV
91	nora@attackers_haven.tor	INV
91	nora@attackers_haven.tor	INV
91	nora@attackers_haven.tor	INV
91	nora@attackers_haven.tor	INV
91	nora@attackers_haven.tor	INV
91	nora@attackers_haven.tor	INV
91	nora@attackers_haven.tor	INV
91	nora@attackers_haven.tor	INV
91	nora@attackers_haven.tor	INV
91	nora@attackers_haven.tor	INV
91	nora@attackers_haven.tor	INV
91	nora@attackers_haven.tor	INV
91	nora@attackers_haven.tor	INV
91	nora@attackers_haven.tor	INV
91	nora@attackers_haven.tor	INV
91	nora@attackers_haven.tor	INV
91	nora@attackers_haven.tor	INV
91	nora@attackers_haven.tor	INV
91	nora@attackers_haven.tor	INV
91	nora@attackers_haven.tor	INV
91	nora@attackers_haven.tor	INV
91	tim60@hotmail.com	INV
91	tim60@hotmail.com	INV
91	tim60@hotmail.com	INV
91	tim60@hotmail.com	ACC
91	tim60@hotmail.com	ACK
91	tim60@hotmail.com	BYE
91	hana03@attackers_haven.tor	INV
91	hana03@attackers_haven.tor	INV
91	hana03@attackers_haven.tor	INV
91	hana03@attackers_haven.tor	INV
91	hana03@attackers_haven.tor	INV
91	hana03@attackers_haven.tor	INV
91	hana03@attackers_haven.tor	INV
91	hana03@attackers_haven.tor	INV
91	hana03@attackers_haven.tor	INV
91	hana03@attackers_haven.tor	INV
91	hana03@attackers_haven.tor	INV
91	hana03@attackers_haven.tor	INV
91	hana03@attackers_haven.tor	INV
91	hana03@attackers_haven.tor	INV
91	hana03@attackers_haven.tor	INV
91	hana03@attackers_haven.tor	INV
91	hana03@attackers_haven.tor	INV
91	hana03@attackers_haven.tor	INV
91	hana03@attackers_haven.tor	INV
91	hana03@attackers_haven.tor	INV
91	hana03@attackers_haven.tor	INV
91	hana03@attackers_haven.tor	INV
91	hana03@attackers_haven.tor	INV
91	hana03@attackers_haven.tor	INV
91	hana03@attackers_haven.tor	INV
91	hana03@attackers_haven.tor	INV
91	hana03@attackers_haven.tor	INV
91	hana03@attackers_haven.tor	INV
91	hana03@attackers_haven.tor	INV
91	hana03@attackers_haven.tor	INV
91	hana03@attackers_haven.tor	INV
91	hana03@attackers_haven.tor	INV
91	hana03@attackers_haven.tor	INV
91	hana03@attackers_haven.tor	INV
91	hana03@attackers_haven.tor	INV
91	hana03@attackers_haven.tor	INV
91	hana03@attackers_haven.tor	INV
91	hana03@attackers_haven.tor	INV
91	hana03@attackers_haven.tor	INV
91	hana03@attackers_haven.tor	INV
91	hana03@attackers_haven.tor	INV
91	hana03@attackers_haven.tor	INV
91	hana03@attackers_haven.tor	INV
91	hana03@attackers_haven.tor	INV
91	hana03@attackers_haven.tor	INV
91	hana03@attackers_haven.tor	INV
91	hana03@attackers_haven.tor	INV
91	hana03@attackers_haven.tor	INV
91	hana03@attackers_haven.tor	INV
91	hana03@attackers_haven.tor	INV
91	hana03@attackers_haven.tor	INV
91	hana03@attackers_haven.tor	INV
91	hana03@attackers_haven.tor	INV
91	stella168@yahoo.com	INV
91	stella168@yahoo.com	INV
91	stella168@yahoo.com	INV
91	stella168@yahoo.com	ACC
91	stella168@yahoo.com	ACK
91	stella168@yahoo.com	BYE
91	quest763@attackers_haven.tor	INV
91	quest763@attackers_haven.tor	INV
91	quest763@attackers_haven.tor	INV
91	quest763@attackers_haven.tor	INV
91	quest763@attackers_haven.tor	INV
91	quest763@attackers_haven.tor	INV
91	quest763@attackers_haven.tor	INV
91	quest763@attackers_haven.tor	INV
91	quest763@attackers_haven.tor	INV
91	quest763@attackers_haven.tor	INV
91	quest763@attackers_haven.tor	INV
91	quest763@attackers_haven.tor	INV
91	quest763@attackers_haven.tor	INV
91	quest763@attackers_haven.tor	INV
91	quest763@attackers_haven.tor	INV
91	quest763@attackers_haven.tor	INV
91	quest763@attackers_haven.tor	INV
91	quest763@attackers_haven.tor	INV
91	quest763@attackers_haven.tor	INV
91	quest763@attackers_haven.tor	INV
91	quest763@attackers_haven.tor	INV
91	quest763@attackers_haven.tor	INV
91	quest763@attackers_haven.tor	INV
91	quest763@attackers_haven.tor	INV
91	quest763@attackers_haven.tor	INV
91	quest763@attackers_haven.tor	INV
91	quest763@attackers_haven.tor	INV
91	quest763@attackers_haven.tor	INV
91	quest763@attackers_haven.tor	INV
91	quest763@attackers_haven.tor	INV
91	quest763@attackers_haven.tor	INV
91	quest763@attackers_haven.tor	INV
91	quest763@attackers_haven.tor	INV
91	quest763@attackers_haven.tor	INV
91	quest763@attackers_haven.tor	INV
91	quest763@attackers_haven.tor	INV
91	quest763@attackers_haven.tor	INV
91	quest763@attackers_haven.tor	INV
91	quest763@attackers_haven.tor	INV
91	quest763@attackers_haven.tor	INV
91	quest763@attackers_haven.tor	INV
91	quest763@attackers_haven.tor	INV
91	quest763@attackers_haven.tor	INV
91	quest763@attackers_haven.tor	INV
91	quest763@attackers_haven.tor	INV
91	quest763@attackers_haven.tor	INV
91	quest763@attackers_haven.tor	INV
91	quest763@attackers_haven.tor	INV
91	quest763@attackers_haven.tor	INV
91	quest763@attackers_haven.tor	INV
91	quest763@attackers_haven.tor	INV
91	quest763@attackers_haven.tor	INV
91	quest763@attackers_haven.tor	INV
91	quest763@attackers_haven.tor	INV
91	quest763@attackers_haven.tor	INV
91	quest763@attackers_haven.tor	INV
91	quest763@attackers_haven.tor	INV
91	stella951@skype.com	INV
91	stella951@skype.com	ACC
91	stella951@skype.com	ACK
91	stella951@skype.com	ACK
91	stella951@skype.com	BYE
91	quest@attackers_haven.tor	INV
91	quest@attackers_haven.tor	INV
91	quest@attackers_haven.tor	INV
91	quest@attackers_haven.tor	INV
91	quest@attackers_haven.tor	INV
91	quest@attackers_haven.tor	INV
91	quest@attackers_haven.tor	INV
91	quest@attackers_haven.tor	INV
91	quest@attackers_haven.tor	INV
91	quest@attackers_haven.tor	INV
91	quest@attackers_haven.tor	INV
91	quest@attackers_haven.tor	INV
91	quest@attackers_haven.tor	INV
91	quest@attackers_haven.tor	INV
91	quest@attackers_haven.tor	INV
91	quest@attackers_haven.tor	INV
91	quest@attackers_haven.tor	INV
91	quest@attackers_haven.tor	INV
91	quest@attackers_haven.tor	INV
91	quest@attackers_haven.tor	INV
91	quest@attackers_haven.tor	INV
91	quest@attackers_haven.tor	INV
91	quest@attackers_haven.tor	INV
